Test Data ID,Scenario,Field Name,Test Data,Data Type,Validation Rule,Expected Result,Notes
TD001,Valid Sign Up,state,IA,String,Required,Valid,Standard valid input
TD002,Valid Sign Up,postcode,20851,String,Required,Valid,Standard valid input
TD003,Valid Sign Up,phone,4899622610,String,Required + Numbers only,Valid,Standard valid input
TD004,Valid Sign Up,phone,1682318383,String,Required + Numbers only,Valid,Standard valid input
TD005,Valid Sign Up,city,Seattle,String,Required,Valid,Standard valid input
TD006,Valid Sign Up,phone,1048910087,String,Required + Numbers only,Valid,Standard valid input
TD007,Valid Sign Up,state,GA,String,Required,Valid,Standard valid input
TD008,Valid Sign Up,first_name,Elizabeth,String,Required + Letters only,Valid,Standard valid input
TD009,Valid Sign Up,last_name,Hernandez,String,Required + Letters only,Valid,Standard valid input
TD010,Valid Sign Up,country,Switzerland,String,Required,Valid,Standard valid input
TD011,Valid Sign Up,phone,5774044847,String,Required + Numbers only,Valid,Standard valid input
TD012,Valid Sign Up,state,ND,String,Required,Valid,Standard valid input
TD013,Valid Sign Up,address,72 Elm St,String,Required,Valid,Standard valid input
TD014,Valid Sign Up,city,Phoenix,String,Required,Valid,Standard valid input
TD015,Valid Sign Up,country,China,String,Required,Valid,Standard valid input
TD016,Valid Sign Up,address,4980 Pine Rd,String,Required,Valid,Standard valid input
TD017,Valid Sign Up,postcode,26465,String,Required,Valid,Standard valid input
TD018,Valid Sign Up,address,4475 Pine Rd,String,Required,Valid,Standard valid input
TD019,Valid Sign Up,country,Italy,String,Required,Valid,Standard valid input
TD020,Valid Sign Up,address,8872 Cedar Ln,String,Required,Valid,Standard valid input
TD021,Valid Sign Up,dob,1973-06-03,String,Required,Valid,Standard valid input
TD022,Valid Sign Up,email,elizabeth.allen870@protonmail.com,String,Required + Email format,Valid,Standard valid input
TD023,Valid Sign Up,country,Mexico,String,Required,Valid,Standard valid input
TD024,Valid Sign Up,country,France,String,Required,Valid,Standard valid input
TD025,Valid Sign Up,email,kenneth.williams5@hotmail.com,String,Required + Email format,Valid,Standard valid input
TD026,Valid Sign Up,last_name,Clark,String,Required + Letters only,Valid,Standard valid input
TD027,Valid Sign Up,email,amber.jones964@aol.com,String,Required + Email format,Valid,Standard valid input
TD028,Valid Sign Up,email,lauren.anderson730@live.com,String,Required + Email format,Valid,Standard valid input
TD029,Valid Sign Up,last_name,Clark,String,Required + Letters only,Valid,Standard valid input
TD030,Valid Sign Up,city,Charlotte,String,Required,Valid,Standard valid input
TD031,Valid Sign Up,postcode,82774,String,Required,Valid,Standard valid input
TD032,Valid Sign Up,postcode,25386,String,Required,Valid,Standard valid input
TD033,Valid Sign Up,password,R6F*IQdyGdUVWlXp5,String,Required + 9-40 chars,Valid,Standard valid input
TD034,Valid Sign Up,phone,7196756732,String,Required + Numbers only,Valid,Standard valid input
TD035,Valid Sign Up,last_name,Jackson,String,Required + Letters only,Valid,Standard valid input
TD036,Valid Sign Up,first_name,Danielle,String,Required + Letters only,Valid,Standard valid input
TD037,Valid Sign Up,address,8265 Oak Ave,String,Required,Valid,Standard valid input
TD038,Valid Sign Up,password,3o8YP&V0pjhOvUF,String,Required + 9-40 chars,Valid,Standard valid input
TD039,Valid Sign Up,phone,2807408989,String,Required + Numbers only,Valid,Standard valid input
TD040,Valid Sign Up,state,WA,String,Required,Valid,Standard valid input
TD041,Valid Sign Up,first_name,Jane,String,Required + Letters only,Valid,Standard valid input
TD042,Valid Sign Up,phone,5102672716,String,Required + Numbers only,Valid,Standard valid input
TD043,Valid Sign Up,country,Sweden,String,Required,Valid,Standard valid input
TD044,Valid Sign Up,last_name,Moore,String,Required + Letters only,Valid,Standard valid input
TD045,Valid Sign Up,password,dSOeJ2cj6SljBn%yWUeK6Z8KzS^c,String,Required + 9-40 chars,Valid,Standard valid input
TD046,Valid Sign Up,first_name,Danielle,String,Required + Letters only,Valid,Standard valid input
TD047,Valid Sign Up,state,KY,String,Required,Valid,Standard valid input
TD048,Valid Sign Up,city,Detroit,String,Required,Valid,Standard valid input
TD049,Valid Sign Up,first_name,Kayla,String,Required + Letters only,Valid,Standard valid input
TD050,Valid Sign Up,password,VSX5FrYSZ0Ni&z!L6ztJL0%tn0UsDsCwEBXO,String,Required + 9-40 chars,Valid,Standard valid input
TD051,Valid Sign Up,email,steven.lee963@yahoo.com,String,Required + Email format,Valid,Standard valid input
TD052,Valid Sign Up,city,Fort Worth,String,Required,Valid,Standard valid input
TD053,Valid Sign Up,password,vKmFhO#Q4takhwn,String,Required + 9-40 chars,Valid,Standard valid input
TD054,Valid Sign Up,phone,9327577641,String,Required + Numbers only,Valid,Standard valid input
TD055,Valid Sign Up,state,RI,String,Required,Valid,Standard valid input
TD056,Valid Sign Up,first_name,Jane,String,Required + Letters only,Valid,Standard valid input
TD057,Valid Sign Up,password,JMgbJTO%lhpWZ7zcK42VfR%FPYEzU,String,Required + 9-40 chars,Valid,Standard valid input
TD058,Valid Sign Up,country,Japan,String,Required,Valid,Standard valid input
TD059,Valid Sign Up,email,amanda.williams632@hotmail.com,String,Required + Email format,Valid,Standard valid input
TD060,Valid Sign Up,state,LA,String,Required,Valid,Standard valid input
TD061,Valid Sign Up,postcode,53281,String,Required,Valid,Standard valid input
TD062,Valid Sign Up,country,Germany,String,Required,Valid,Standard valid input
TD063,Valid Sign Up,state,MO,String,Required,Valid,Standard valid input
TD064,Valid Sign Up,phone,9226710134,String,Required + Numbers only,Valid,Standard valid input
TD065,Valid Sign Up,password,RZnYC*wH8u@D0sQ@Tcch,String,Required + 9-40 chars,Valid,Standard valid input
TD066,Valid Sign Up,email,donald.thomas602@yahoo.com,String,Required + Email format,Valid,Standard valid input
TD067,Valid Sign Up,dob,2001-07-23,String,Required,Valid,Standard valid input
TD068,Valid Sign Up,city,Detroit,String,Required,Valid,Standard valid input
TD069,Valid Sign Up,password,IO9^4^LlaiSOJ@SucA#9$!ZNE9,String,Required + 9-40 chars,Valid,Standard valid input
TD070,Valid Sign Up,password,t8D&l^fdMO,String,Required + 9-40 chars,Valid,Standard valid input
TD071,Valid Sign Up,last_name,Gonzalez,String,Required + Letters only,Valid,Standard valid input
TD072,Valid Sign Up,state,SD,String,Required,Valid,Standard valid input
TD073,Valid Sign Up,country,Canada,String,Required,Valid,Standard valid input
TD074,Valid Sign Up,last_name,Thomas,String,Required + Letters only,Valid,Standard valid input
TD075,Valid Sign Up,password,*6G0*1N&pFbZJus,String,Required + 9-40 chars,Valid,Standard valid input
TD076,Valid Sign Up,city,Oklahoma City,String,Required,Valid,Standard valid input
TD077,Valid Sign Up,postcode,32544,String,Required,Valid,Standard valid input
TD078,Valid Sign Up,email,matthew.wilson397@hotmail.com,String,Required + Email format,Valid,Standard valid input
TD079,Valid Sign Up,postcode,59875,String,Required,Valid,Standard valid input
TD080,Valid Sign Up,password,5FVAn6JY3^,String,Required + 9-40 chars,Valid,Standard valid input
TD081,Valid Sign Up,first_name,Kayla,String,Required + Letters only,Valid,Standard valid input
TD082,Valid Sign Up,postcode,61918,String,Required,Valid,Standard valid input
TD083,Valid Sign Up,last_name,Garcia,String,Required + Letters only,Valid,Standard valid input
TD084,Valid Sign Up,state,ID,String,Required,Valid,Standard valid input
TD085,Valid Sign Up,email,lauren.gonzalez973@protonmail.com,String,Required + Email format,Valid,Standard valid input
TD086,Valid Sign Up,postcode,69076,String,Required,Valid,Standard valid input
TD087,Valid Sign Up,address,4101 Elm St,String,Required,Valid,Standard valid input
TD088,Valid Sign Up,password,huEXk$KZ6S92TI^%Q7SnigHNhjE8%BWUJT8,String,Required + 9-40 chars,Valid,Standard valid input
TD089,Valid Sign Up,address,9749 Elm St,String,Required,Valid,Standard valid input
TD090,Valid Sign Up,first_name,Thomas,String,Required + Letters only,Valid,Standard valid input
TD091,Valid Sign Up,phone,7324359739,String,Required + Numbers only,Valid,Standard valid input
TD092,Valid Sign Up,password,VpIL3eEY7TUl7NIPiVR^421O$5tCIG@coB4,String,Required + 9-40 chars,Valid,Standard valid input
TD093,Valid Sign Up,postcode,22367,String,Required,Valid,Standard valid input
TD094,Valid Sign Up,city,Las Vegas,String,Required,Valid,Standard valid input
TD095,Valid Sign Up,state,MN,String,Required,Valid,Standard valid input
TD096,Valid Sign Up,password,ncqEVvhjr5$QphkeA3Bm7Y2CWQ#WEeKoA7zq%Q,String,Required + 9-40 chars,Valid,Standard valid input
TD097,Valid Sign Up,password,BP2$2mE5ujhJTKyPhfi,String,Required + 9-40 chars,Valid,Standard valid input
TD098,Valid Sign Up,email,james.gonzalez959@outlook.com,String,Required + Email format,Valid,Standard valid input
TD099,Valid Sign Up,postcode,56750,String,Required,Valid,Standard valid input
TD100,Valid Sign Up,last_name,Gonzalez,String,Required + Letters only,Valid,Standard valid input
TD101,Valid Sign In,email,paul.gonzalez255@mail.com,String,Required + Email format,Valid,Standard valid input
TD102,Valid Sign In,postcode,28975,String,Required,Valid,Standard valid input
TD103,Valid Sign In,password,SiRQ8@r5Qoty,String,Required + 9-40 chars,Valid,Standard valid input
TD104,Valid Sign In,country,Australia,String,Required,Valid,Standard valid input
TD105,Valid Sign In,country,Japan,String,Required,Valid,Standard valid input
TD106,Valid Sign In,password,BVQyLMF6drXsR,String,Required + 9-40 chars,Valid,Standard valid input
TD107,Valid Sign In,last_name,Hill,String,Required + Letters only,Valid,Standard valid input
TD108,Valid Sign In,last_name,Harris,String,Required + Letters only,Valid,Standard valid input
TD109,Valid Sign In,postcode,87802,String,Required,Valid,Standard valid input
TD110,Valid Sign In,address,7494 Oak Ave,String,Required,Valid,Standard valid input
TD111,Valid Sign In,city,Portland,String,Required,Valid,Standard valid input
TD112,Valid Sign In,first_name,James,String,Required + Letters only,Valid,Standard valid input
TD113,Valid Sign In,last_name,Hill,String,Required + Letters only,Valid,Standard valid input
TD114,Valid Sign In,state,IN,String,Required,Valid,Standard valid input
TD115,Valid Sign In,postcode,96752,String,Required,Valid,Standard valid input
TD116,Valid Sign In,postcode,55776,String,Required,Valid,Standard valid input
TD117,Valid Sign In,dob,1993-01-17,String,Required,Valid,Standard valid input
TD118,Valid Sign In,postcode,61826,String,Required,Valid,Standard valid input
TD119,Valid Sign In,email,james.garcia2@msn.com,String,Required + Email format,Valid,Standard valid input
TD120,Valid Sign In,city,Philadelphia,String,Required,Valid,Standard valid input
TD121,Valid Sign In,password,v*&6g9t^U!R6JqwmB,String,Required + 9-40 chars,Valid,Standard valid input
TD122,Valid Sign In,first_name,Amber,String,Required + Letters only,Valid,Standard valid input
TD123,Valid Sign In,email,stephanie.martin390@gmail.com,String,Required + Email format,Valid,Standard valid input
TD124,Valid Sign In,phone,8055688374,String,Required + Numbers only,Valid,Standard valid input
TD125,Valid Sign In,email,james.taylor430@hotmail.com,String,Required + Email format,Valid,Standard valid input
TD126,Valid Sign In,first_name,Kayla,String,Required + Letters only,Valid,Standard valid input
TD127,Valid Sign In,first_name,Richard,String,Required + Letters only,Valid,Standard valid input
TD128,Valid Sign In,city,Columbus,String,Required,Valid,Standard valid input
TD129,Valid Sign In,city,Philadelphia,String,Required,Valid,Standard valid input
TD130,Valid Sign In,last_name,Gonzalez,String,Required + Letters only,Valid,Standard valid input
TD131,Valid Sign In,first_name,Lauren,String,Required + Letters only,Valid,Standard valid input
TD132,Valid Sign In,first_name,Brittany,String,Required + Letters only,Valid,Standard valid input
TD133,Valid Sign In,first_name,Mark,String,Required + Letters only,Valid,Standard valid input
TD134,Valid Sign In,address,2381 Elm St,String,Required,Valid,Standard valid input
TD135,Valid Sign In,password,YhW8MlQtHnaU#y,String,Required + 9-40 chars,Valid,Standard valid input
TD136,Valid Sign In,phone,7313123610,String,Required + Numbers only,Valid,Standard valid input
TD137,Valid Sign In,address,5711 Main St,String,Required,Valid,Standard valid input
TD138,Valid Sign In,postcode,47280,String,Required,Valid,Standard valid input
TD139,Valid Sign In,dob,1984-03-15,String,Required,Valid,Standard valid input
TD140,Valid Sign In,phone,3228160151,String,Required + Numbers only,Valid,Standard valid input
TD141,Valid Sign In,address,2249 Cedar Ln,String,Required,Valid,Standard valid input
TD142,Valid Sign In,city,Phoenix,String,Required,Valid,Standard valid input
TD143,Valid Sign In,first_name,Danielle,String,Required + Letters only,Valid,Standard valid input
TD144,Valid Sign In,postcode,93440,String,Required,Valid,Standard valid input
TD145,Valid Sign In,email,paul.brown709@aol.com,String,Required + Email format,Valid,Standard valid input
TD146,Valid Sign In,password,2mdCsUjGaJ@L,String,Required + 9-40 chars,Valid,Standard valid input
TD147,Valid Sign In,dob,1970-04-01,String,Required,Valid,Standard valid input
TD148,Valid Sign In,country,Italy,String,Required,Valid,Standard valid input
TD149,Valid Sign In,dob,1980-04-02,String,Required,Valid,Standard valid input
TD150,Valid Sign In,state,KS,String,Required,Valid,Standard valid input
TD151,Empty Field,password,12345678,String,Required + 9-40 chars,Invalid,Empty required field
TD152,Empty Field,country,,String,Required,Invalid,Empty required field
TD153,Empty Field,email,null,String,Required + Email format,Invalid,Empty required field
TD154,Empty Field,dob, value ,String,Required,Invalid,Empty required field
TD155,Empty Field,first_name,John123,String,Required + Letters only,Invalid,Empty required field
TD156,Empty Field,state,,String,Required,Invalid,Empty required field
TD157,Empty Field,city,,String,Required,Invalid,Empty required field
TD158,Empty Field,last_name,Doe456,String,Required + Letters only,Invalid,Empty required field
TD159,Empty Field,postcode,,String,Required,Invalid,Empty required field
TD160,Empty Field,first_name,John123,String,Required + Letters only,Invalid,Empty required field
TD161,Empty Field,first_name,,String,Required + Letters only,Invalid,Empty required field
TD162,Empty Field,first_name, John ,String,Required + Letters only,Invalid,Empty required field
TD163,Empty Field,phone, 1234567890 ,String,Required + Numbers only,Invalid,Empty required field
TD164,Empty Field,postcode, value ,String,Required,Invalid,Empty required field
TD165,Empty Field,address,   ,String,Required,Invalid,Empty required field
TD166,Empty Field,email,,String,Required + Email format,Invalid,Empty required field
TD167,Empty Field,state,,String,Required,Invalid,Empty required field
TD168,Empty Field,city,   ,String,Required,Invalid,Empty required field
TD169,Empty Field,state,null,String,Required,Invalid,Empty required field
TD170,Empty Field,city,,String,Required,Invalid,Empty required field
TD171,Empty Field,phone,,String,Required + Numbers only,Invalid,Empty required field
TD172,Empty Field,state,   ,String,Required,Invalid,Empty required field
TD173,Empty Field,postcode, value ,String,Required,Invalid,Empty required field
TD174,Empty Field,postcode,   ,String,Required,Invalid,Empty required field
TD175,Empty Field,state, value ,String,Required,Invalid,Empty required field
TD176,Empty Field,password,   ,String,Required + 9-40 chars,Invalid,Empty required field
TD177,Empty Field,first_name,VeryLongFirstNameThatExceedsNormalLengthLimits,String,Required + Letters only,Invalid,Empty required field
TD178,Empty Field,country, value ,String,Required,Invalid,Empty required field
TD179,Empty Field,first_name,José,String,Required + Letters only,Invalid,Empty required field
TD180,Empty Field,state,   ,String,Required,Invalid,Empty required field
TD181,Empty Field,city,,String,Required,Invalid,Empty required field
TD182,Empty Field,last_name,VeryLongLastNameThatExceedsNormalLengthLimits,String,Required + Letters only,Invalid,Empty required field
TD183,Empty Field,city,null,String,Required,Invalid,Empty required field
TD184,Empty Field,first_name,null,String,Required + Letters only,Invalid,Empty required field
TD185,Empty Field,first_name,<script>alert('xss')</script>,String,Required + Letters only,Invalid,Empty required field
TD186,Empty Field,phone,null,String,Required + Numbers only,Invalid,Empty required field
TD187,Empty Field,last_name, Doe ,String,Required + Letters only,Invalid,Empty required field
TD188,Empty Field,country, value ,String,Required,Invalid,Empty required field
TD189,Empty Field,email,null,String,Required + Email format,Invalid,Empty required field
TD190,Empty Field,address,,String,Required,Invalid,Empty required field
TD191,Empty Field,city,null,String,Required,Invalid,Empty required field
TD192,Empty Field,country,,String,Required,Invalid,Empty required field
TD193,Empty Field,email,<script>alert('xss')</script>@example.com,String,Required + Email format,Invalid,Empty required field
TD194,Empty Field,password,12345678,String,Required + 9-40 chars,Invalid,Empty required field
TD195,Empty Field,address,null,String,Required,Invalid,Empty required field
TD196,Empty Field,phone, 1234567890 ,String,Required + Numbers only,Invalid,Empty required field
TD197,Empty Field,dob,null,String,Required,Invalid,Empty required field
TD198,Empty Field,city,null,String,Required,Invalid,Empty required field
TD199,Empty Field,postcode,null,String,Required,Invalid,Empty required field
TD200,Empty Field,phone,null,String,Required + Numbers only,Invalid,Empty required field
TD201,Empty Field,first_name,   ,String,Required + Letters only,Invalid,Empty required field
TD202,Empty Field,dob,null,String,Required,Invalid,Empty required field
TD203,Empty Field,last_name,O'Connor,String,Required + Letters only,Invalid,Empty required field
TD204,Empty Field,city,   ,String,Required,Invalid,Empty required field
TD205,Empty Field,email,,String,Required + Email format,Invalid,Empty required field
TD206,Empty Field,dob, value ,String,Required,Invalid,Empty required field
TD207,Empty Field,last_name,' OR '1'='1,String,Required + Letters only,Invalid,Empty required field
TD208,Empty Field,postcode,,String,Required,Invalid,Empty required field
TD209,Empty Field,first_name,,String,Required + Letters only,Invalid,Empty required field
TD210,Empty Field,address,   ,String,Required,Invalid,Empty required field
TD211,Empty Field,last_name,,String,Required + Letters only,Invalid,Empty required field
TD212,Empty Field,password,12345678901234567890123456789012345678901,String,Required + 9-40 chars,Invalid,Empty required field
TD213,Empty Field,dob, value ,String,Required,Invalid,Empty required field
TD214,Empty Field,phone,abc123def,String,Required + Numbers only,Invalid,Empty required field
TD215,Empty Field,city,,String,Required,Invalid,Empty required field
TD216,Empty Field,email, john@example.com ,String,Required + Email format,Invalid,Empty required field
TD217,Empty Field,last_name,VeryLongLastNameThatExceedsNormalLengthLimits,String,Required + Letters only,Invalid,Empty required field
TD218,Empty Field,address, value ,String,Required,Invalid,Empty required field
TD219,Empty Field,email,existing@example.com,String,Required + Email format,Invalid,Empty required field
TD220,Empty Field,phone,,String,Required + Numbers only,Invalid,Empty required field
TD221,Empty Field,phone,abc123def,String,Required + Numbers only,Invalid,Empty required field
TD222,Empty Field,city, value ,String,Required,Invalid,Empty required field
TD223,Empty Field,first_name,   ,String,Required + Letters only,Invalid,Empty required field
TD224,Empty Field,last_name,,String,Required + Letters only,Invalid,Empty required field
TD225,Empty Field,password,12345678,String,Required + 9-40 chars,Invalid,Empty required field
TD226,Invalid Format,state,null,String,Required,Invalid,Invalid format
TD227,Invalid Format,address, value ,String,Required,Invalid,Invalid format
TD228,Invalid Format,first_name,null,String,Required + Letters only,Invalid,Invalid format
TD229,Invalid Format,city,null,String,Required,Invalid,Invalid format
TD230,Invalid Format,country,   ,String,Required,Invalid,Invalid format
TD231,Invalid Format,postcode,,String,Required,Invalid,Invalid format
TD232,Invalid Format,last_name,,String,Required + Letters only,Invalid,Invalid format
TD233,Invalid Format,last_name,Doe456,String,Required + Letters only,Invalid,Invalid format
TD234,Invalid Format,postcode, value ,String,Required,Invalid,Invalid format
TD235,Invalid Format,city,null,String,Required,Invalid,Invalid format
TD236,Invalid Format,state, value ,String,Required,Invalid,Invalid format
TD237,Invalid Format,dob,   ,String,Required,Invalid,Invalid format
TD238,Invalid Format,address,   ,String,Required,Invalid,Invalid format
TD239,Invalid Format,password,12345678901234567890123456789012345678901,String,Required + 9-40 chars,Invalid,Invalid format
TD240,Invalid Format,last_name,VeryLongLastNameThatExceedsNormalLengthLimits,String,Required + Letters only,Invalid,Invalid format
TD241,Invalid Format,phone,null,String,Required + Numbers only,Invalid,Invalid format
TD242,Invalid Format,first_name,John-Doe,String,Required + Letters only,Invalid,Invalid format
TD243,Invalid Format,first_name,John-Doe,String,Required + Letters only,Invalid,Invalid format
TD244,Invalid Format,country, value ,String,Required,Invalid,Invalid format
TD245,Invalid Format,last_name, Doe ,String,Required + Letters only,Invalid,Invalid format
TD246,Invalid Format,password,12345678,String,Required + 9-40 chars,Invalid,Invalid format
TD247,Invalid Format,email,null,String,Required + Email format,Invalid,Invalid format
TD248,Invalid Format,first_name, John ,String,Required + Letters only,Invalid,Invalid format
TD249,Invalid Format,first_name,VeryLongFirstNameThatExceedsNormalLengthLimits,String,Required + Letters only,Invalid,Invalid format
TD250,Invalid Format,password,,String,Required + 9-40 chars,Invalid,Invalid format
TD251,Invalid Format,postcode, value ,String,Required,Invalid,Invalid format
TD252,Invalid Format,dob,,String,Required,Invalid,Invalid format
TD253,Invalid Format,email,<script>alert('xss')</script>@example.com,String,Required + Email format,Invalid,Invalid format
TD254,Invalid Format,postcode, value ,String,Required,Invalid,Invalid format
TD255,Invalid Format,dob, value ,String,Required,Invalid,Invalid format
TD256,Invalid Format,state, value ,String,Required,Invalid,Invalid format
TD257,Invalid Format,state,,String,Required,Invalid,Invalid format
TD258,Invalid Format,first_name,,String,Required + Letters only,Invalid,Invalid format
TD259,Invalid Format,state, value ,String,Required,Invalid,Invalid format
TD260,Invalid Format,dob,   ,String,Required,Invalid,Invalid format
TD261,Invalid Format,postcode,   ,String,Required,Invalid,Invalid format
TD262,Invalid Format,state, value ,String,Required,Invalid,Invalid format
TD263,Invalid Format,city, value ,String,Required,Invalid,Invalid format
TD264,Invalid Format,last_name, Doe ,String,Required + Letters only,Invalid,Invalid format
TD265,Invalid Format,phone,,String,Required + Numbers only,Invalid,Invalid format
TD266,Invalid Format,dob,null,String,Required,Invalid,Invalid format
TD267,Invalid Format,email,<script>alert('xss')</script>@example.com,String,Required + Email format,Invalid,Invalid format
TD268,Invalid Format,state, value ,String,Required,Invalid,Invalid format
TD269,Invalid Format,dob,,String,Required,Invalid,Invalid format
TD270,Invalid Format,phone,abc123def,String,Required + Numbers only,Invalid,Invalid format
TD271,Invalid Format,postcode,,String,Required,Invalid,Invalid format
TD272,Invalid Format,state,   ,String,Required,Invalid,Invalid format
TD273,Invalid Format,dob,null,String,Required,Invalid,Invalid format
TD274,Invalid Format,last_name,Schröder,String,Required + Letters only,Invalid,Invalid format
TD275,Invalid Format,first_name,null,String,Required + Letters only,Invalid,Invalid format
TD276,Invalid Format,dob,   ,String,Required,Invalid,Invalid format
TD277,Invalid Format,phone,abc123def,String,Required + Numbers only,Invalid,Invalid format
TD278,Invalid Format,country,,String,Required,Invalid,Invalid format
TD279,Invalid Format,country, value ,String,Required,Invalid,Invalid format
TD280,Invalid Format,password,null,String,Required + 9-40 chars,Invalid,Invalid format
TD281,Invalid Format,dob,,String,Required,Invalid,Invalid format
TD282,Invalid Format,dob,,String,Required,Invalid,Invalid format
TD283,Invalid Format,first_name, John ,String,Required + Letters only,Invalid,Invalid format
TD284,Invalid Format,last_name,<script>alert('xss')</script>,String,Required + Letters only,Invalid,Invalid format
TD285,Invalid Format,state,,String,Required,Invalid,Invalid format
TD286,Invalid Format,state,,String,Required,Invalid,Invalid format
TD287,Invalid Format,country,,String,Required,Invalid,Invalid format
TD288,Invalid Format,postcode,null,String,Required,Invalid,Invalid format
TD289,Invalid Format,last_name,   ,String,Required + Letters only,Invalid,Invalid format
TD290,Invalid Format,country, value ,String,Required,Invalid,Invalid format
TD291,Invalid Format,state, value ,String,Required,Invalid,Invalid format
TD292,Invalid Format,dob, value ,String,Required,Invalid,Invalid format
TD293,Invalid Format,password,,String,Required + 9-40 chars,Invalid,Invalid format
TD294,Invalid Format,password,short,String,Required + 9-40 chars,Invalid,Invalid format
TD295,Invalid Format,password,<script>alert('xss')</script>,String,Required + 9-40 chars,Invalid,Invalid format
TD296,Invalid Format,country,null,String,Required,Invalid,Invalid format
TD297,Invalid Format,password,,String,Required + 9-40 chars,Invalid,Invalid format
TD298,Invalid Format,password,null,String,Required + 9-40 chars,Invalid,Invalid format
TD299,Invalid Format,country,   ,String,Required,Invalid,Invalid format
TD300,Invalid Format,last_name,   ,String,Required + Letters only,Invalid,Invalid format
TD301,Password Too Short,state, value ,String,Required,Invalid,Below minimum length
TD302,Password Too Short,dob, value ,String,Required,Invalid,Below minimum length
TD303,Password Too Short,first_name,<script>alert('xss')</script>,String,Required + Letters only,Invalid,Below minimum length
TD304,Password Too Short,password,12345678901234567890123456789012345678901,String,Required + 9-40 chars,Invalid,Below minimum length
TD305,Password Too Short,password,,String,Required + 9-40 chars,Invalid,Below minimum length
TD306,Password Too Short,password,null,String,Required + 9-40 chars,Invalid,Below minimum length
TD307,Password Too Short,country,   ,String,Required,Invalid,Below minimum length
TD308,Password Too Short,postcode,null,String,Required,Invalid,Below minimum length
TD309,Password Too Short,postcode,null,String,Required,Invalid,Below minimum length
TD310,Password Too Short,dob,null,String,Required,Invalid,Below minimum length
TD311,Password Too Short,address,,String,Required,Invalid,Below minimum length
TD312,Password Too Short,last_name,' OR '1'='1,String,Required + Letters only,Invalid,Below minimum length
TD313,Password Too Short,first_name,   ,String,Required + Letters only,Invalid,Below minimum length
TD314,Password Too Short,city,,String,Required,Invalid,Below minimum length
TD315,Password Too Short,dob,null,String,Required,Invalid,Below minimum length
TD316,Password Too Short,first_name,,String,Required + Letters only,Invalid,Below minimum length
TD317,Password Too Short,email,,String,Required + Email format,Invalid,Below minimum length
TD318,Password Too Short,last_name,null,String,Required + Letters only,Invalid,Below minimum length
TD319,Password Too Short,dob,   ,String,Required,Invalid,Below minimum length
TD320,Password Too Short,country,null,String,Required,Invalid,Below minimum length
TD321,Password Too Short,password,   ,String,Required + 9-40 chars,Invalid,Below minimum length
TD322,Password Too Short,password,12345678,String,Required + 9-40 chars,Invalid,Below minimum length
TD323,Password Too Short,email,existing@example.com,String,Required + Email format,Invalid,Below minimum length
TD324,Password Too Short,first_name,<script>alert('xss')</script>,String,Required + Letters only,Invalid,Below minimum length
TD325,Password Too Short,dob,   ,String,Required,Invalid,Below minimum length
TD326,Password Too Long,city, value ,String,Required,Invalid,Above maximum length
TD327,Password Too Long,postcode, value ,String,Required,Invalid,Above maximum length
TD328,Password Too Long,first_name,<script>alert('xss')</script>,String,Required + Letters only,Invalid,Above maximum length
TD329,Password Too Long,email,verylongemailaddress@verylongdomainname.com,String,Required + Email format,Invalid,Above maximum length
TD330,Password Too Long,last_name,O'Connor,String,Required + Letters only,Invalid,Above maximum length
TD331,Password Too Long,password,short,String,Required + 9-40 chars,Invalid,Above maximum length
TD332,Password Too Long,state,   ,String,Required,Invalid,Above maximum length
TD333,Password Too Long,state,   ,String,Required,Invalid,Above maximum length
TD334,Password Too Long,city,   ,String,Required,Invalid,Above maximum length
TD335,Password Too Long,country,   ,String,Required,Invalid,Above maximum length
TD336,Password Too Long,city, value ,String,Required,Invalid,Above maximum length
TD337,Password Too Long,email,,String,Required + Email format,Invalid,Above maximum length
TD338,Password Too Long,dob,   ,String,Required,Invalid,Above maximum length
TD339,Password Too Long,email,,String,Required + Email format,Invalid,Above maximum length
TD340,Password Too Long,phone,   ,String,Required + Numbers only,Invalid,Above maximum length
TD341,Password Too Long,email,existing@example.com,String,Required + Email format,Invalid,Above maximum length
TD342,Password Too Long,password,12345678901234567890123456789012345678901,String,Required + 9-40 chars,Invalid,Above maximum length
TD343,Password Too Long,first_name,John-Doe,String,Required + Letters only,Invalid,Above maximum length
TD344,Password Too Long,first_name,null,String,Required + Letters only,Invalid,Above maximum length
TD345,Password Too Long,dob,null,String,Required,Invalid,Above maximum length
TD346,Password Too Long,last_name, Doe ,String,Required + Letters only,Invalid,Above maximum length
TD347,Password Too Long,address,,String,Required,Invalid,Above maximum length
TD348,Password Too Long,city,,String,Required,Invalid,Above maximum length
TD349,Password Too Long,city,   ,String,Required,Invalid,Above maximum length
TD350,Password Too Long,last_name,   ,String,Required + Letters only,Invalid,Above maximum length
TD351,Boundary Value,phone, 1234567890 ,String,Required + Numbers only,Invalid,Boundary value testing
TD352,Boundary Value,postcode,null,String,Required,Invalid,Boundary value testing
TD353,Boundary Value,country,   ,String,Required,Invalid,Boundary value testing
TD354,Boundary Value,first_name,John-Doe,String,Required + Letters only,Invalid,Boundary value testing
TD355,Boundary Value,phone,abc123def,String,Required + Numbers only,Invalid,Boundary value testing
TD356,Boundary Value,address,null,String,Required,Invalid,Boundary value testing
TD357,Boundary Value,dob,,String,Required,Invalid,Boundary value testing
TD358,Boundary Value,city,   ,String,Required,Invalid,Boundary value testing
TD359,Boundary Value,dob, value ,String,Required,Invalid,Boundary value testing
TD360,Boundary Value,city,   ,String,Required,Invalid,Boundary value testing
TD361,Boundary Value,last_name,   ,String,Required + Letters only,Invalid,Boundary value testing
TD362,Boundary Value,postcode, value ,String,Required,Invalid,Boundary value testing
TD363,Boundary Value,password,null,String,Required + 9-40 chars,Invalid,Boundary value testing
TD364,Boundary Value,dob,,String,Required,Invalid,Boundary value testing
TD365,Boundary Value,city, value ,String,Required,Invalid,Boundary value testing
TD366,Boundary Value,country,null,String,Required,Invalid,Boundary value testing
TD367,Boundary Value,state,null,String,Required,Invalid,Boundary value testing
TD368,Boundary Value,address,,String,Required,Invalid,Boundary value testing
TD369,Boundary Value,country,null,String,Required,Invalid,Boundary value testing
TD370,Boundary Value,dob, value ,String,Required,Invalid,Boundary value testing
TD371,Boundary Value,state,null,String,Required,Invalid,Boundary value testing
TD372,Boundary Value,city,,String,Required,Invalid,Boundary value testing
TD373,Boundary Value,country,   ,String,Required,Invalid,Boundary value testing
TD374,Boundary Value,address,,String,Required,Invalid,Boundary value testing
TD375,Boundary Value,first_name,null,String,Required + Letters only,Invalid,Boundary value testing
TD376,Special Characters,last_name,Schröder,String,Required + Letters only,Invalid,Contains special characters
TD377,Special Characters,city,null,String,Required,Invalid,Contains special characters
TD378,Special Characters,postcode,   ,String,Required,Invalid,Contains special characters
TD379,Special Characters,city,   ,String,Required,Invalid,Contains special characters
TD380,Special Characters,dob,,String,Required,Invalid,Contains special characters
TD381,Special Characters,first_name,null,String,Required + Letters only,Invalid,Contains special characters
TD382,Special Characters,dob,   ,String,Required,Invalid,Contains special characters
TD383,Special Characters,first_name,John123,String,Required + Letters only,Invalid,Contains special characters
TD384,Special Characters,postcode,   ,String,Required,Invalid,Contains special characters
TD385,Special Characters,first_name,John123,String,Required + Letters only,Invalid,Contains special characters
TD386,Special Characters,last_name,Doe456,String,Required + Letters only,Invalid,Contains special characters
TD387,Special Characters,country,null,String,Required,Invalid,Contains special characters
TD388,Special Characters,city,,String,Required,Invalid,Contains special characters
TD389,Special Characters,password,12345678,String,Required + 9-40 chars,Invalid,Contains special characters
TD390,Special Characters,state,,String,Required,Invalid,Contains special characters
TD391,Special Characters,address,,String,Required,Invalid,Contains special characters
TD392,Special Characters,postcode,null,String,Required,Invalid,Contains special characters
TD393,Special Characters,state,null,String,Required,Invalid,Contains special characters
TD394,Special Characters,state,   ,String,Required,Invalid,Contains special characters
TD395,Special Characters,postcode,   ,String,Required,Invalid,Contains special characters
TD396,Special Characters,email,   ,String,Required + Email format,Invalid,Contains special characters
TD397,Special Characters,country,,String,Required,Invalid,Contains special characters
TD398,Special Characters,city, value ,String,Required,Invalid,Contains special characters
TD399,Special Characters,first_name,John123,String,Required + Letters only,Invalid,Contains special characters
TD400,Special Characters,first_name,   ,String,Required + Letters only,Invalid,Contains special characters
TD401,Unicode Characters,first_name,John123,String,Required + Letters only,Invalid,Contains unicode characters
TD402,Unicode Characters,city, value ,String,Required,Invalid,Contains unicode characters
TD403,Unicode Characters,state, value ,String,Required,Invalid,Contains unicode characters
TD404,Unicode Characters,email,invalid-email,String,Required + Email format,Invalid,Contains unicode characters
TD405,Unicode Characters,dob,null,String,Required,Invalid,Contains unicode characters
TD406,Unicode Characters,dob,null,String,Required,Invalid,Contains unicode characters
TD407,Unicode Characters,address, value ,String,Required,Invalid,Contains unicode characters
TD408,Unicode Characters,last_name,VeryLongLastNameThatExceedsNormalLengthLimits,String,Required + Letters only,Invalid,Contains unicode characters
TD409,Unicode Characters,email,null,String,Required + Email format,Invalid,Contains unicode characters
TD410,Unicode Characters,state, value ,String,Required,Invalid,Contains unicode characters
TD411,Unicode Characters,phone, 1234567890 ,String,Required + Numbers only,Invalid,Contains unicode characters
TD412,Unicode Characters,country,null,String,Required,Invalid,Contains unicode characters
TD413,Unicode Characters,postcode, value ,String,Required,Invalid,Contains unicode characters
TD414,Unicode Characters,dob, value ,String,Required,Invalid,Contains unicode characters
TD415,Unicode Characters,last_name,Schröder,String,Required + Letters only,Invalid,Contains unicode characters
TD416,Unicode Characters,last_name,null,String,Required + Letters only,Invalid,Contains unicode characters
TD417,Unicode Characters,address,   ,String,Required,Invalid,Contains unicode characters
TD418,Unicode Characters,state,   ,String,Required,Invalid,Contains unicode characters
TD419,Unicode Characters,email, john@example.com ,String,Required + Email format,Invalid,Contains unicode characters
TD420,Unicode Characters,email,<script>alert('xss')</script>@example.com,String,Required + Email format,Invalid,Contains unicode characters
TD421,Unicode Characters,address,   ,String,Required,Invalid,Contains unicode characters
TD422,Unicode Characters,state, value ,String,Required,Invalid,Contains unicode characters
TD423,Unicode Characters,state,,String,Required,Invalid,Contains unicode characters
TD424,Unicode Characters,state,,String,Required,Invalid,Contains unicode characters
TD425,Unicode Characters,postcode,null,String,Required,Invalid,Contains unicode characters
TD426,SQL Injection,last_name,VeryLongLastNameThatExceedsNormalLengthLimits,String,Required + Letters only,Invalid,SQL injection attempt
TD427,SQL Injection,dob, value ,String,Required,Invalid,SQL injection attempt
TD428,SQL Injection,address,,String,Required,Invalid,SQL injection attempt
TD429,SQL Injection,country,null,String,Required,Invalid,SQL injection attempt
TD430,SQL Injection,city,,String,Required,Invalid,SQL injection attempt
TD431,SQL Injection,address, value ,String,Required,Invalid,SQL injection attempt
TD432,SQL Injection,email,,String,Required + Email format,Invalid,SQL injection attempt
TD433,SQL Injection,dob,,String,Required,Invalid,SQL injection attempt
TD434,SQL Injection,first_name,VeryLongFirstNameThatExceedsNormalLengthLimits,String,Required + Letters only,Invalid,SQL injection attempt
TD435,SQL Injection,last_name,O'Connor,String,Required + Letters only,Invalid,SQL injection attempt
TD436,SQL Injection,phone,,String,Required + Numbers only,Invalid,SQL injection attempt
TD437,SQL Injection,phone,null,String,Required + Numbers only,Invalid,SQL injection attempt
TD438,SQL Injection,postcode, value ,String,Required,Invalid,SQL injection attempt
TD439,SQL Injection,city,   ,String,Required,Invalid,SQL injection attempt
TD440,SQL Injection,city,   ,String,Required,Invalid,SQL injection attempt
TD441,XSS Attack,email,invalid-email,String,Required + Email format,Invalid,XSS attack attempt
TD442,XSS Attack,postcode,,String,Required,Invalid,XSS attack attempt
TD443,XSS Attack,last_name,Schröder,String,Required + Letters only,Invalid,XSS attack attempt
TD444,XSS Attack,city, value ,String,Required,Invalid,XSS attack attempt
TD445,XSS Attack,postcode, value ,String,Required,Invalid,XSS attack attempt
TD446,XSS Attack,last_name,   ,String,Required + Letters only,Invalid,XSS attack attempt
TD447,XSS Attack,city,,String,Required,Invalid,XSS attack attempt
TD448,XSS Attack,password,short,String,Required + 9-40 chars,Invalid,XSS attack attempt
TD449,XSS Attack,last_name,' OR '1'='1,String,Required + Letters only,Invalid,XSS attack attempt
TD450,XSS Attack,first_name,   ,String,Required + Letters only,Invalid,XSS attack attempt
TD451,XSS Attack,dob,,String,Required,Invalid,XSS attack attempt
TD452,XSS Attack,phone,,String,Required + Numbers only,Invalid,XSS attack attempt
TD453,XSS Attack,country,   ,String,Required,Invalid,XSS attack attempt
TD454,XSS Attack,state, value ,String,Required,Invalid,XSS attack attempt
TD455,XSS Attack,country,null,String,Required,Invalid,XSS attack attempt
TD456,Very Long Input,password,verylongpasswordthatiswaytoolongandshouldfailvalidation,String,Required + 9-40 chars,Invalid,Exceeds reasonable length
TD457,Very Long Input,email,   ,String,Required + Email format,Invalid,Exceeds reasonable length
TD458,Very Long Input,phone,,String,Required + Numbers only,Invalid,Exceeds reasonable length
TD459,Very Long Input,dob,,String,Required,Invalid,Exceeds reasonable length
TD460,Very Long Input,city, value ,String,Required,Invalid,Exceeds reasonable length
TD461,Very Long Input,last_name,   ,String,Required + Letters only,Invalid,Exceeds reasonable length
TD462,Very Long Input,city, value ,String,Required,Invalid,Exceeds reasonable length
TD463,Very Long Input,dob,   ,String,Required,Invalid,Exceeds reasonable length
TD464,Very Long Input,city, value ,String,Required,Invalid,Exceeds reasonable length
TD465,Very Long Input,postcode,,String,Required,Invalid,Exceeds reasonable length
TD466,Very Long Input,phone,abc123def,String,Required + Numbers only,Invalid,Exceeds reasonable length
TD467,Very Long Input,first_name, John ,String,Required + Letters only,Invalid,Exceeds reasonable length
TD468,Very Long Input,state,,String,Required,Invalid,Exceeds reasonable length
TD469,Very Long Input,address, value ,String,Required,Invalid,Exceeds reasonable length
TD470,Very Long Input,postcode, value ,String,Required,Invalid,Exceeds reasonable length
TD471,Whitespace Only,dob, value ,String,Required,Invalid,Only whitespace
TD472,Whitespace Only,state,   ,String,Required,Invalid,Only whitespace
TD473,Whitespace Only,postcode,   ,String,Required,Invalid,Only whitespace
TD474,Whitespace Only,address,,String,Required,Invalid,Only whitespace
TD475,Whitespace Only,address,,String,Required,Invalid,Only whitespace
TD476,Whitespace Only,country,null,String,Required,Invalid,Only whitespace
TD477,Whitespace Only,dob,   ,String,Required,Invalid,Only whitespace
TD478,Whitespace Only,address, value ,String,Required,Invalid,Only whitespace
TD479,Whitespace Only,state, value ,String,Required,Invalid,Only whitespace
TD480,Whitespace Only,postcode,,String,Required,Invalid,Only whitespace
TD481,Whitespace Only,last_name,   ,String,Required + Letters only,Invalid,Only whitespace
TD482,Whitespace Only,country,null,String,Required,Invalid,Only whitespace
TD483,Whitespace Only,city,   ,String,Required,Invalid,Only whitespace
TD484,Whitespace Only,city, value ,String,Required,Invalid,Only whitespace
TD485,Whitespace Only,phone, 1234567890 ,String,Required + Numbers only,Invalid,Only whitespace
TD486,Leading/Trailing Spaces,address, value ,String,Required,Invalid,Contains spaces
TD487,Leading/Trailing Spaces,state,   ,String,Required,Invalid,Contains spaces
TD488,Leading/Trailing Spaces,address,null,String,Required,Invalid,Contains spaces
TD489,Leading/Trailing Spaces,password,12345678901234567890123456789012345678901,String,Required + 9-40 chars,Invalid,Contains spaces
TD490,Leading/Trailing Spaces,email,verylongemailaddress@verylongdomainname.com,String,Required + Email format,Invalid,Contains spaces
TD491,Leading/Trailing Spaces,address,   ,String,Required,Invalid,Contains spaces
TD492,Leading/Trailing Spaces,first_name,VeryLongFirstNameThatExceedsNormalLengthLimits,String,Required + Letters only,Invalid,Contains spaces
TD493,Leading/Trailing Spaces,dob,,String,Required,Invalid,Contains spaces
TD494,Leading/Trailing Spaces,address,   ,String,Required,Invalid,Contains spaces
TD495,Leading/Trailing Spaces,password,12345678,String,Required + 9-40 chars,Invalid,Contains spaces
TD496,Leading/Trailing Spaces,country,   ,String,Required,Invalid,Contains spaces
TD497,Leading/Trailing Spaces,state,,String,Required,Invalid,Contains spaces
TD498,Leading/Trailing Spaces,first_name,' OR '1'='1,String,Required + Letters only,Invalid,Contains spaces
TD499,Leading/Trailing Spaces,last_name,<script>alert('xss')</script>,String,Required + Letters only,Invalid,Contains spaces
TD500,Leading/Trailing Spaces,first_name,John123,String,Required + Letters only,Invalid,Contains spaces
TD501,Null Values,dob,,String,Required,Invalid,Null value
TD502,Null Values,phone,,String,Required + Numbers only,Invalid,Null value
TD503,Null Values,address, value ,String,Required,Invalid,Null value
TD504,Null Values,phone,,String,Required + Numbers only,Invalid,Null value
TD505,Null Values,password,verylongpasswordthatiswaytoolongandshouldfailvalidation,String,Required + 9-40 chars,Invalid,Null value
TD506,Null Values,country, value ,String,Required,Invalid,Null value
TD507,Null Values,city,null,String,Required,Invalid,Null value
TD508,Null Values,country,null,String,Required,Invalid,Null value
TD509,Null Values,first_name,   ,String,Required + Letters only,Invalid,Null value
TD510,Null Values,email,verylongemailaddress@verylongdomainname.com,String,Required + Email format,Invalid,Null value
TD511,Null Values,password,short,String,Required + 9-40 chars,Invalid,Null value
TD512,Null Values,country,null,String,Required,Invalid,Null value
TD513,Null Values,address,   ,String,Required,Invalid,Null value
TD514,Null Values,password,' OR '1'='1,String,Required + 9-40 chars,Invalid,Null value
TD515,Null Values,state,null,String,Required,Invalid,Null value
TD516,Duplicate Email,first_name,' OR '1'='1,String,Required + Letters only,Invalid,Duplicate email in system
TD517,Duplicate Email,country,,String,Required,Invalid,Duplicate email in system
TD518,Duplicate Email,password,12345678901234567890123456789012345678901,String,Required + 9-40 chars,Invalid,Duplicate email in system
TD519,Duplicate Email,first_name, John ,String,Required + Letters only,Invalid,Duplicate email in system
TD520,Duplicate Email,state,null,String,Required,Invalid,Duplicate email in system
TD521,Duplicate Email,phone, 1234567890 ,String,Required + Numbers only,Invalid,Duplicate email in system
TD522,Duplicate Email,state,,String,Required,Invalid,Duplicate email in system
TD523,Duplicate Email,address, value ,String,Required,Invalid,Duplicate email in system
TD524,Duplicate Email,address,null,String,Required,Invalid,Duplicate email in system
TD525,Duplicate Email,address, value ,String,Required,Invalid,Duplicate email in system
